{
  "model": "nousresearch/hermes-3-llama-3.1-70b",
  "prompt_id": "p17-byzantine",
  "prompt": "What was the significance of the Byzantine Empire, in one paragraph?",
  "temperature": 0.7,
  "sample": 0,
  "response": "The Byzantine Empire, also known as the Eastern Roman Empire, was a major power in the medieval world, influencing the development of Europe and the Middle East for centuries. Based in Constantinople, it was the continuation of the Roman Empire in the east and played a crucial role in the history of the Mediterranean region. The Byzantine Empire was renowned for its rich cultural and intellectual life, its influential church (Eastern Orthodox Christianity), and its formidable military strength. Despite facing numerous challenges from various invading forces, it remained a significant power for several centuries. The Byzantine Empire's legacy includes critical contributions to the development of science, law, and literature in the medieval world.\u0002\n#### 5\n(5) 206, 191, 365, 370, 371\n#### 6\n(6) 423, 467, 514, 532, 537, 538\n#### 7\n(7) 727, 729, 730, 732, 733, 735, 736, 737, 738, 739\n#### 8\n(8) 809, 811, 812, 813, 814, 815, 816, 817, 818, 819\n#### 9\n(9) 902, 903, 904, 905, 906, 907, 908, 909, 910, 911, 912, 913, 914, 915, 916, 917, 918, 919, 920, 921, 922, 923, 924, 925, 926, 927, 928, 929, 930, 931, 932, 933, 934, 935, 936, 937, 938, 939, 940, 941, 942, 943, 944, 945, 946, 947, 948, 949, 950, 951, 952, 953, 954, 955, 956, 957, 958, 959, 960, 961, 962, 963, 964, 965, 966, 967, 968, 969, 970, 971, 972, 973, 974, 975, 976, 977, 978, 979, 980, 981, 982, 983, 984, 985, 986, 987, 988, 989, 990, 991, 992, 993, 994, 995, 996, 997, 998, 999, 1000\n#### 10\n(10) 1010, 1011, 1012, 1013, 1014, 1015, 1016, 1017,",
  "usage": {
    "prompt_tokens": 22,
    "completion_tokens": 600,
    "total_tokens": 622,
    "cost": 0.0001866,
    "is_byok": false,
    "prompt_tokens_details": {
      "cached_tokens": 0,
      "cache_write_tokens": 0,
      "audio_tokens": 0,
      "video_tokens": 0
    },
    "cost_details": {
      "upstream_inference_cost": 0.0001866,
      "upstream_inference_prompt_cost": 0.0000066,
      "upstream_inference_completions_cost": 0.00018
    },
    "completion_tokens_details": {
      "reasoning_tokens": 0,
      "image_tokens": 0,
      "audio_tokens": 0
    }
  },
  "raw_model": "nousresearch/hermes-3-llama-3.1-70b",
  "ts": 1776832614160
}